{"cameraMode":{"drawMode":0,"name":"Shaded","section":"Shading Mode"},"sceneLighting":true,"audioPlay":false,"sceneViewState":{"showFog":true,"showMaterialUpdate":false,"showSkybox":true,"showFlares":true,"showImageEffects":true,"showParticleSystems":true},"in2DMode":false,"pivot":{"x":-4.588344573974609,"y":2.3894972801208498,"z":5.16538143157959},"rotation":{"x":-0.13078342378139497,"y":0.8015838861465454,"z":-0.1900627613067627,"w":-0.5515751838684082},"size":10.485010147094727,"orthographic":false}